[
    {
        "Country Name": "United States",
        "Company Name": "노스롭 그루먼",
        "Category": "8",
        "Main_Selling_Product": "F-5 프리덤 파이터/타이거 II",
        "R&D Status": "Completed",
        "Technology_Readiness_Level": "3",
        "MRO Capability": "YES",
        "Production Location": "Domestic",
        "Price Competitiveness": "85",
        "특징 및 설명": "경량 다목적 전투기, 전 세계적으로 널리 사용됨"
    },
    {
        "Country Name": "United States",
        "Company Name": "노스롭 그루먼",
        "Category": "8",
        "Main_Selling_Product": "B-2 스피릿",
        "R&D Status": "Completed",
        "Technology_Readiness_Level": "3",
        "MRO Capability": "YES",
        "Production Location": "Domestic",
        "Price Competitiveness": "95",
        "특징 및 설명": "스텔스 전략 폭격기, 스텔스 기술로 적 방공망을 회피하며 정밀 타격 가능"
    },
    {
        "Country Name": "United States",
        "Company Name": "노스롭 그루먼",
        "Category": "8",
        "Main_Selling_Product": "RQ-4 글로벌 호크",
        "R&D Status": "Completed",
        "Technology_Readiness_Level": "3",
        "MRO Capability": "YES",
        "Production Location": "Domestic",
        "Price Competitiveness": "93",
        "특징 및 설명": "고고도 무인정찰기, 장시간 작전 수행 가능"
    },
    {
        "Country Name": "United States",
        "Company Name": "노스롭 그루먼",
        "Category": "8",
        "Main_Selling_Product": "EA-6B 프라울러",
        "R&D Status": "Completed",
        "Technology_Readiness_Level": "3",
        "MRO Capability": "NO",
        "Production Location": "Domestic",
        "Price Competitiveness": "86",
        "특징 및 설명": "전자전기, 적의 전자 장비를 방해하거나 교란"
    },
    {
        "Country Name": "United States",
        "Company Name": "노스롭 그루먼",
        "Category": "8",
        "Main_Selling_Product": "B-21 레이더",
        "R&D Status": "Ongoing",
        "Technology_Readiness_Level": "2",
        "MRO Capability": "NO",
        "Production Location": "Domestic",
        "Price Competitiveness": "85",
        "특징 및 설명": "차세대 스텔스 폭격기, 2022년 공식 공개"
    },
    {
        "Country Name": "United States",
        "Company Name": "노스롭 그루먼",
        "Category": "8",
        "Main_Selling_Product": "T-38 탈론",
        "R&D Status": "Completed",
        "Technology_Readiness_Level": "3",
        "MRO Capability": "YES",
        "Production Location": "Domestic",
        "Price Competitiveness": "88",
        "특징 및 설명": "초음속 훈련기, 미 공군 조종사 훈련에 널리 사용됨"
    },
    {
        "Country Name": "United States",
        "Company Name": "노스롭 그루먼",
        "Category": "8",
        "Main_Selling_Product": "X-47B",
        "R&D Status": "Completed",
        "Technology_Readiness_Level": "3",
        "MRO Capability": "NO",
        "Production Location": "Domestic",
        "Price Competitiveness": "85",
        "특징 및 설명": "함상 무인 공격기, 스텔스 설계를 적용한 최초의 무인 함상 전투기로 정찰 및 공격 임무 수행 가능"
    },
    {
        "Country Name": "United States",
        "Company Name": "노스롭 그루먼",
        "Category": "8",
        "Main_Selling_Product": "RQ-180",
        "R&D Status": "Ongoing",
        "Technology_Readiness_Level": "2",
        "MRO Capability": "NO",
        "Production Location": "Domestic",
        "Price Competitiveness": "83",
        "특징 및 설명": "최신 고고도 스텔스 무인정찰기"
    },
    {
        "Country Name": "United States",
        "Company Name": "노스롭 그루먼",
        "Category": "6",
        "Main_Selling_Product": "니미츠급 항공모함",
        "R&D Status": "Completed",
        "Technology_Readiness_Level": "3",
        "MRO Capability": "YES",
        "Production Location": "Domestic",
        "Price Competitiveness": "95",
        "특징 및 설명": "핵추진 항공모함, 장시간 작전 가능 및 대규모 항공작전 수행"
    },
    {
        "Country Name": "United States",
        "Company Name": "노스롭 그루먼",
        "Category": "20",
        "Main_Selling_Product": "버지니아급 잠수함",
        "R&D Status": "Completed",
        "Technology_Readiness_Level": "3",
        "MRO Capability": "YES",
        "Production Location": "Domestic",
        "Price Competitiveness": "94",
        "특징 및 설명": "최신형 핵추진 잠수함, 스텔스 성능과 다양한 무장 탑재"
    },
    {
        "Country Name": "United States",
        "Company Name": "노스롭 그루먼",
        "Category": "6",
        "Main_Selling_Product": "제럴드 R. 포드급 항공모함",
        "R&D Status": "Completed",
        "Technology_Readiness_Level": "3",
        "MRO Capability": "YES",
        "Production Location": "Domestic",
        "Price Competitiveness": "97",
        "특징 및 설명": "차세대 항공모함, 첨단 전자 장비와 효율적인 작전 지원"
    },
    {
        "Country Name": "United States",
        "Company Name": "노스롭 그루먼",
        "Category": "6",
        "Main_Selling_Product": "샌 안토니오급 수송상륙함",
        "R&D Status": "Completed",
        "Technology_Readiness_Level": "3",
        "MRO Capability": "YES",
        "Production Location": "Domestic",
        "Price Competitiveness": "90",
        "특징 및 설명": "병력 및 장비 수송과 상륙작전에 최적화"
    },
    {
        "Country Name": "United States",
        "Company Name": "노스롭 그루먼",
        "Category": "15",
        "Main_Selling_Product": "제임스 웹 우주 망원경",
        "R&D Status": "Completed",
        "Technology_Readiness_Level": "3",
        "MRO Capability": "NO",
        "Production Location": "Mixed",
        "Price Competitiveness": "99",
        "특징 및 설명": "우주 관측을 위한 최신 기술 적용"
    },
    {
        "Country Name": "United States",
        "Company Name": "노스롭 그루먼",
        "Category": "15",
        "Main_Selling_Product": "TDRS 위성 시리즈",
        "R&D Status": "Completed",
        "Technology_Readiness_Level": "3",
        "MRO Capability": "YES",
        "Production Location": "Domestic",
        "Price Competitiveness": "89",
        "특징 및 설명": "NASA와 협력하여 통신 위성 시스템 제공, 우주선 및 지상국 간의 데이터 전송 지원"
    },
    {
        "Country Name": "United States",
        "Company Name": "노스롭 그루먼",
        "Category": "15",
        "Main_Selling_Product": "LGM-35A 센티넬",
        "R&D Status": "Ongoing",
        "Technology_Readiness_Level": "2",
        "MRO Capability": "NO",
        "Production Location": "Domestic",
        "Price Competitiveness": "82",
        "특징 및 설명": "차세대 대륙간탄도미사일(ICBM), 전략적 억제력 제공"
    },
    {
        "Country Name": "United States",
        "Company Name": "노스롭 그루먼",
        "Category": "11",
        "Main_Selling_Product": "AN/APG-81",
        "R&D Status": "Completed",
        "Technology_Readiness_Level": "3",
        "MRO Capability": "YES",
        "Production Location": "Domestic",
        "Price Competitiveness": "93",
        "특징 및 설명": "F-35에 탑재되는 첨단 AESA 레이더, 다목적 탐지 및 추적 기능 제공"
    },
    {
        "Country Name": "United States",
        "Company Name": "노스롭 그루먼",
        "Category": "11",
        "Main_Selling_Product": "G/ATOR (AN/TPS-80)",
        "R&D Status": "Completed",
        "Technology_Readiness_Level": "3",
        "MRO Capability": "YES",
        "Production Location": "Domestic",
        "Price Competitiveness": "92",
        "특징 및 설명": "지상/공중 감시 및 대포병 탐지용 다기능 레이더"
    }
]