[
    {
        "Country Name": "United States",
        "Company Name": "레이시온 테크놀로지스",
        "Category": "12",
        "Main_Selling_Product": "AIM-260",
        "R&D Status": "Completed",
        "Technology_Readiness_Level": "3",
        "MRO Capability": "YES",
        "Production Location": "Domestic",
        "Price Competitiveness": "91",
        "특징 및 설명": "차세대 공대공 미사일, 장거리 및 고성능, 최신 공대공 미사일 기술 적용"
    },
    {
        "Country Name": "United States",
        "Company Name": "레이시온 테크놀로지스",
        "Category": "12",
        "Main_Selling_Product": "AIM-120 AMRAAM",
        "R&D Status": "Completed",
        "Technology_Readiness_Level": "3",
        "MRO Capability": "YES",
        "Production Location": "Domestic",
        "Price Competitiveness": "92",
        "특징 및 설명": "중거리 공대공 미사일, 다목적, 네트워크 중심 전투 적합, 최신 공대공 미사일 기술 적용"
    },
    {
        "Country Name": "United States",
        "Company Name": "레이시온 테크놀로지스",
        "Category": "12",
        "Main_Selling_Product": "AIM-9 사이드와인더",
        "R&D Status": "Completed",
        "Technology_Readiness_Level": "3",
        "MRO Capability": "YES",
        "Production Location": "Domestic",
        "Price Competitiveness": "90",
        "특징 및 설명": "근거리 공대공 미사일, 유도 성능 우수, 최신 공대공 미사일 기술 적용"
    },
    {
        "Country Name": "United States",
        "Company Name": "레이시온 테크놀로지스",
        "Category": "12",
        "Main_Selling_Product": "AGM-65 매버릭",
        "R&D Status": "Completed",
        "Technology_Readiness_Level": "3",
        "MRO Capability": "YES",
        "Production Location": "Domestic",
        "Price Competitiveness": "89",
        "특징 및 설명": "공대지 미사일, 정밀 유도 가능, 최신 공대공 미사일 기술 적용"
    },
    {
        "Country Name": "United States",
        "Company Name": "레이시온 테크놀로지스",
        "Category": "12",
        "Main_Selling_Product": "AGM-154 JSOW",
        "R&D Status": "Completed",
        "Technology_Readiness_Level": "3",
        "MRO Capability": "YES",
        "Production Location": "Domestic",
        "Price Competitiveness": "91",
        "특징 및 설명": "공대지 장거리 미사일, 스텔스 성능 포함"
    },
    {
        "Country Name": "United States",
        "Company Name": "레이시온 테크놀로지스",
        "Category": "12",
        "Main_Selling_Product": "GBU-28 페이브웨이 III",
        "R&D Status": "Completed",
        "Technology_Readiness_Level": "3",
        "MRO Capability": "YES",
        "Production Location": "Domestic",
        "Price Competitiveness": "90",
        "특징 및 설명": "레이저 유도 폭탄, 강화된 벙커 및 지하 목표물 공격"
    },
    {
        "Country Name": "United States",
        "Company Name": "레이시온 테크놀로지스",
        "Category": "12",
        "Main_Selling_Product": "SM-2",
        "R&D Status": "Completed",
        "Technology_Readiness_Level": "3",
        "MRO Capability": "YES",
        "Production Location": "Domestic",
        "Price Competitiveness": "90",
        "특징 및 설명": "스탠더드 미사일 시리즈, 대공 및 함대 방어용"
    },
    {
        "Country Name": "United States",
        "Company Name": "레이시온 테크놀로지스",
        "Category": "12",
        "Main_Selling_Product": "SM-3",
        "R&D Status": "Completed",
        "Technology_Readiness_Level": "3",
        "MRO Capability": "YES",
        "Production Location": "Domestic",
        "Price Competitiveness": "93",
        "특징 및 설명": "스탠더드 미사일 시리즈, 탄도 미사일 요격 가능"
    },
    {
        "Country Name": "United States",
        "Company Name": "레이시온 테크놀로지스",
        "Category": "12",
        "Main_Selling_Product": "SM-6",
        "R&D Status": "Completed",
        "Technology_Readiness_Level": "3",
        "MRO Capability": "YES",
        "Production Location": "Domestic",
        "Price Competitiveness": "94",
        "특징 및 설명": "스탠더드 미사일 시리즈, 다목적, 초고속 요격 가능"
    },
    {
        "Country Name": "United States",
        "Company Name": "레이시온 테크놀로지스",
        "Category": "12",
        "Main_Selling_Product": "BGM-109 토마호크",
        "R&D Status": "Completed",
        "Technology_Readiness_Level": "3",
        "MRO Capability": "YES",
        "Production Location": "Domestic",
        "Price Competitiveness": "93",
        "특징 및 설명": "순항 미사일, 장거리 목표 타격 가능"
    },
    {
        "Country Name": "United States",
        "Company Name": "레이시온 테크놀로지스",
        "Category": "12",
        "Main_Selling_Product": "RIM-116 RAM",
        "R&D Status": "Completed",
        "Technology_Readiness_Level": "3",
        "MRO Capability": "YES",
        "Production Location": "Domestic",
        "Price Competitiveness": "92",
        "특징 및 설명": "근거리 함대 방어용 미사일, 고속 대응 가능"
    },
    {
        "Country Name": "United States",
        "Company Name": "레이시온 테크놀로지스",
        "Category": "12",
        "Main_Selling_Product": "팰렁스 CIWS",
        "R&D Status": "Completed",
        "Technology_Readiness_Level": "3",
        "MRO Capability": "YES",
        "Production Location": "Domestic",
        "Price Competitiveness": "91",
        "특징 및 설명": "근거리 방어 체계, 자율 작동 가능한 고속 기관포"
    },
    {
        "Country Name": "United States",
        "Company Name": "레이시온 테크놀로지스",
        "Category": "4",
        "Main_Selling_Product": "MIM-104 패트리어트",
        "R&D Status": "Completed",
        "Technology_Readiness_Level": "3",
        "MRO Capability": "YES",
        "Production Location": "Domestic",
        "Price Competitiveness": "94",
        "특징 및 설명": "고고도 미사일 방어 시스템, 적 탄도 및 순항 미사일 요격"
    },
    {
        "Country Name": "United States",
        "Company Name": "레이시온 테크놀로지스",
        "Category": "3",
        "Main_Selling_Product": "FGM-148 재블린",
        "R&D Status": "Completed",
        "Technology_Readiness_Level": "3",
        "MRO Capability": "YES",
        "Production Location": "Mixed",
        "Price Competitiveness": "92",
        "특징 및 설명": "대전차 미사일 시스템, 높은 관통력과 사거리 제공, 록히드 마틴과 레이시온의 공동 개발"
    },
    {
        "Country Name": "United States",
        "Company Name": "레이시온 테크놀로지스",
        "Category": "3",
        "Main_Selling_Product": "FIM-92 스팅어",
        "R&D Status": "Completed",
        "Technology_Readiness_Level": "3",
        "MRO Capability": "YES",
        "Production Location": "Domestic",
        "Price Competitiveness": "90",
        "특징 및 설명": "휴대용 대공 미사일, 적 항공기 및 드론 대응"
    },
    {
        "Country Name": "United States",
        "Company Name": "레이시온 테크놀로지스",
        "Category": "12",
        "Main_Selling_Product": "Phalanx CIWS",
        "R&D Status": "Completed",
        "Technology_Readiness_Level": "3",
        "MRO Capability": "YES",
        "Production Location": "Domestic",
        "Price Competitiveness": "91",
        "특징 및 설명": "근거리 방어 시스템으로 미사일, 항공기 및 기타 위협으로부터 함정 방어"
    },
    {
        "Country Name": "United States",
        "Company Name": "레이시온 테크놀로지스",
        "Category": "12",
        "Main_Selling_Product": "Tomahawk Missile",
        "R&D Status": "Completed",
        "Technology_Readiness_Level": "3",
        "MRO Capability": "YES",
        "Production Location": "Domestic",
        "Price Competitiveness": "93",
        "특징 및 설명": "장거리 순항 미사일로 정밀 타격 능력 보유"
    }
]