[
    {
        "Country Name": "United States",
        "Company Name": "록히드 마틴",
        "Category": "8",
        "Main_Selling_Product": "F-16 Fighting Falcon",
        "R&D Status": "Completed",
        "Technology_Readiness_Level": "3",
        "MRO Capability": "YES",
        "Production Location": "Domestic",
        "Price Competitiveness": "92",
        "특징 및 설명": "다목적 전투기로 다양한 국가에서 사용, 제너럴 다이내믹스에서 시작되어 록히드 마틴에서 생산 지속"
    },
    {
        "Country Name": "United States",
        "Company Name": "록히드 마틴",
        "Category": "8",
        "Main_Selling_Product": "F-22 Raptor",
        "R&D Status": "Completed",
        "Technology_Readiness_Level": "3",
        "MRO Capability": "YES",
        "Production Location": "Domestic",
        "Price Competitiveness": "97",
        "특징 및 설명": "세계 최초의 5세대 스텔스 전투기, 공중 우세 전투에 특화"
    },
    {
        "Country Name": "United States",
        "Company Name": "록히드 마틴",
        "Category": "8",
        "Main_Selling_Product": "F-35 Lightning II",
        "R&D Status": "Completed",
        "Technology_Readiness_Level": "3",
        "MRO Capability": "YES",
        "Production Location": "Domestic",
        "Price Competitiveness": "97",
        "특징 및 설명": "최신 5세대 다목적 스텔스 전투기, F-35A/B/C 3가지 버전으로 개발"
    },
    {
        "Country Name": "United States",
        "Company Name": "록히드 마틴",
        "Category": "8",
        "Main_Selling_Product": "U-2 Dragon Lady",
        "R&D Status": "Completed",
        "Technology_Readiness_Level": "3",
        "MRO Capability": "YES",
        "Production Location": "Domestic",
        "Price Competitiveness": "88",
        "특징 및 설명": "고고도 정찰기, 냉전 시대 대표적 정찰기"
    },
    {
        "Country Name": "United States",
        "Company Name": "록히드 마틴",
        "Category": "8",
        "Main_Selling_Product": "SR-71 Blackbird",
        "R&D Status": "Completed",
        "Technology_Readiness_Level": "3",
        "MRO Capability": "NO",
        "Production Location": "Domestic",
        "Price Competitiveness": "90",
        "특징 및 설명": "초고속 정찰기로 마하 3의 속도를 기록, 스텔스 기술 선구자"
    },
    {
        "Country Name": "United States",
        "Company Name": "록히드 마틴",
        "Category": "8",
        "Main_Selling_Product": "C-130 Hercules",
        "R&D Status": "Completed",
        "Technology_Readiness_Level": "3",
        "MRO Capability": "YES",
        "Production Location": "Domestic",
        "Price Competitiveness": "91",
        "특징 및 설명": "다목적 터보프롭 군용 수송기, 민수용 버전(L-100)도 존재"
    },
    {
        "Country Name": "United States",
        "Company Name": "록히드 마틴",
        "Category": "8",
        "Main_Selling_Product": "F-117 Nighthawk",
        "R&D Status": "Completed",
        "Technology_Readiness_Level": "3",
        "MRO Capability": "NO",
        "Production Location": "Domestic",
        "Price Competitiveness": "87",
        "특징 및 설명": "세계 최초의 스텔스 전폭기, 공습 및 정밀 타격 임무 수행"
    },
    {
        "Country Name": "United States",
        "Company Name": "록히드 마틴",
        "Category": "8",
        "Main_Selling_Product": "P-3 Orion",
        "R&D Status": "Completed",
        "Technology_Readiness_Level": "3",
        "MRO Capability": "YES",
        "Production Location": "Domestic",
        "Price Competitiveness": "86",
        "특징 및 설명": "대잠초계기, 민간 여객기 L-188 기반으로 제작"
    },
    {
        "Country Name": "United States",
        "Company Name": "록히드 마틴",
        "Category": "8",
        "Main_Selling_Product": "S-3 Viking",
        "R&D Status": "Completed",
        "Technology_Readiness_Level": "3",
        "MRO Capability": "NO",
        "Production Location": "Domestic",
        "Price Competitiveness": "85",
        "특징 및 설명": "함상 대잠초계기"
    },
    {
        "Country Name": "United States",
        "Company Name": "록히드 마틴",
        "Category": "8",
        "Main_Selling_Product": "AH-56 Cheyenne",
        "R&D Status": "Completed",
        "Technology_Readiness_Level": "3",
        "MRO Capability": "NO",
        "Production Location": "Domestic",
        "Price Competitiveness": "80",
        "특징 및 설명": "혁신적 공격 헬기였으나 양산 실패"
    },
    {
        "Country Name": "United States",
        "Company Name": "록히드 마틴",
        "Category": "8",
        "Main_Selling_Product": "C-5 Galaxy",
        "R&D Status": "Completed",
        "Technology_Readiness_Level": "3",
        "MRO Capability": "YES",
        "Production Location": "Domestic",
        "Price Competitiveness": "88",
        "특징 및 설명": "초대형 군용 수송기, 전략적 공수 능력을 제공"
    },
    {
        "Country Name": "United States",
        "Company Name": "록히드 마틴",
        "Category": "8",
        "Main_Selling_Product": "P-791 Hybrid Airship",
        "R&D Status": "Ongoing",
        "Technology_Readiness_Level": "2",
        "MRO Capability": "NO",
        "Production Location": "Domestic",
        "Price Competitiveness": "78",
        "특징 및 설명": "시험용 하이브리드 비행선, 대형 물자 운송 가능"
    },
    {
        "Country Name": "United States",
        "Company Name": "록히드 마틴",
        "Category": "8",
        "Main_Selling_Product": "C-141 Starlifter",
        "R&D Status": "Completed",
        "Technology_Readiness_Level": "3",
        "MRO Capability": "NO",
        "Production Location": "Domestic",
        "Price Competitiveness": "83",
        "특징 및 설명": "군용 제트 수송기, 냉전 시기 전략적 병력 수송 역할 수행"
    },
    {
        "Country Name": "United States",
        "Company Name": "록히드 마틴",
        "Category": "8",
        "Main_Selling_Product": "T-50 Golden Eagle",
        "R&D Status": "Completed",
        "Technology_Readiness_Level": "3",
        "MRO Capability": "YES",
        "Production Location": "Mixed",
        "Price Competitiveness": "89",
        "특징 및 설명": "KAI와 공동 개발한 고등훈련기, 전술 입문기(TA-50) 및 경전투기(FA-50) 파생형"
    },
    {
        "Country Name": "United States",
        "Company Name": "록히드 마틴",
        "Category": "8",
        "Main_Selling_Product": "F-2",
        "R&D Status": "Completed",
        "Technology_Readiness_Level": "3",
        "MRO Capability": "YES",
        "Production Location": "Mixed",
        "Price Competitiveness": "88",
        "특징 및 설명": "일본 미쓰비시 중공업과 협력한 전투기"
    },
    {
        "Country Name": "United States",
        "Company Name": "록히드 마틴",
        "Category": "4",
        "Main_Selling_Product": "THAAD",
        "R&D Status": "Completed",
        "Technology_Readiness_Level": "3",
        "MRO Capability": "YES",
        "Production Location": "Domestic",
        "Price Competitiveness": "92",
        "특징 및 설명": "고고도 미사일 방어 시스템, 주한미군 배치로 중국과 외교적 마찰 초래"
    },
    {
        "Country Name": "United States",
        "Company Name": "록히드 마틴",
        "Category": "4",
        "Main_Selling_Product": "PAC-3",
        "R&D Status": "Completed",
        "Technology_Readiness_Level": "3",
        "MRO Capability": "YES",
        "Production Location": "Domestic",
        "Price Competitiveness": "91",
        "특징 및 설명": "패트리어트 미사일 최신형 버전, 고속 및 높은 명중률이 특징"
    },
    {
        "Country Name": "United States",
        "Company Name": "록히드 마틴",
        "Category": "4",
        "Main_Selling_Product": "M142 HIMARS",
        "R&D Status": "Completed",
        "Technology_Readiness_Level": "3",
        "MRO Capability": "YES",
        "Production Location": "Domestic",
        "Price Competitiveness": "93",
        "특징 및 설명": "고속 기동성 로켓 발사 시스템"
    },
    {
        "Country Name": "United States",
        "Company Name": "록히드 마틴",
        "Category": "4",
        "Main_Selling_Product": "Trident II D5",
        "R&D Status": "Completed",
        "Technology_Readiness_Level": "3",
        "MRO Capability": "YES",
        "Production Location": "Domestic",
        "Price Competitiveness": "96",
        "특징 및 설명": "잠수함 발사 탄도 미사일(SLBM)"
    },
    {
        "Country Name": "United States",
        "Company Name": "록히드 마틴",
        "Category": "4",
        "Main_Selling_Product": "Javelin (공동 개발)",
        "R&D Status": "Completed",
        "Technology_Readiness_Level": "3",
        "MRO Capability": "YES",
        "Production Location": "Mixed",
        "Price Competitiveness": "90",
        "특징 및 설명": "휴대용 대전차 미사일 시스템, 병사 단위에서 사용 가능"
    },
    {
        "Country Name": "United States",
        "Company Name": "록히드 마틴",
        "Category": "4",
        "Main_Selling_Product": "Hellfire",
        "R&D Status": "Completed",
        "Technology_Readiness_Level": "3",
        "MRO Capability": "YES",
        "Production Location": "Domestic",
        "Price Competitiveness": "89",
        "특징 및 설명": "공대지 미사일, 헬리콥터 및 무인기에서 사용되는 정밀 타격 무기"
    },
    {
        "Country Name": "United States",
        "Company Name": "록히드 마틴",
        "Category": "15",
        "Main_Selling_Product": "Orion Spacecraft",
        "R&D Status": "Ongoing",
        "Technology_Readiness_Level": "2",
        "MRO Capability": "NO",
        "Production Location": "Domestic",
        "Price Competitiveness": "85",
        "특징 및 설명": "NASA와 협력하여 개발된 유인 우주선, 심우주 탐사를 목적으로 설계"
    },
    {
        "Country Name": "United States",
        "Company Name": "록히드 마틴",
        "Category": "15",
        "Main_Selling_Product": "GPS III",
        "R&D Status": "Completed",
        "Technology_Readiness_Level": "3",
        "MRO Capability": "YES",
        "Production Location": "Domestic",
        "Price Competitiveness": "93",
        "특징 및 설명": "차세대 GPS 위성, 정밀한 위치 정보를 제공"
    },
    {
        "Country Name": "United States",
        "Company Name": "록히드 마틴",
        "Category": "11",
        "Main_Selling_Product": "Aegis Combat System",
        "R&D Status": "Completed",
        "Technology_Readiness_Level": "3",
        "MRO Capability": "YES",
        "Production Location": "Domestic",
        "Price Competitiveness": "95",
        "특징 및 설명": "해상 탄도 미사일 방어 포함 종합 전투 시스템"
    },
    {
        "Country Name": "United States",
        "Company Name": "록히드 마틴",
        "Category": "4",
        "Main_Selling_Product": "AIM-260",
        "R&D Status": "Ongoing",
        "Technology_Readiness_Level": "2",
        "MRO Capability": "NO",
        "Production Location": "Domestic",
        "Price Competitiveness": "86",
        "특징 및 설명": "차세대 공대공 미사일, 장거리 및 고성능"
    },
    {
        "Country Name": "United States",
        "Company Name": "록히드 마틴",
        "Category": "4",
        "Main_Selling_Product": "FGM-148 재블린",
        "R&D Status": "Completed",
        "Technology_Readiness_Level": "3",
        "MRO Capability": "YES",
        "Production Location": "Mixed",
        "Price Competitiveness": "90",
        "특징 및 설명": "대전차 미사일 시스템, 높은 관통력과 사거리 제공, 록히드 마틴과 레이시온의 공동 개발"
    },
    {
        "Country Name": "United States",
        "Company Name": "록히드 마틴",
        "Category": "11",
        "Main_Selling_Product": "Aegis Combat System",
        "R&D Status": "Completed",
        "Technology_Readiness_Level": "3",
        "MRO Capability": "YES",
        "Production Location": "Domestic",
        "Price Competitiveness": "95",
        "특징 및 설명": "탄도 미사일 방어 포함 종합 전투 시스템"
    }
]