[
    {
        "Country Name": "United States",
        "Company Name": "보잉",
        "Category": "8",
        "Main_Selling_Product": "F/A-18 Super Hornet",
        "R&D Status": "Completed",
        "Technology_Readiness_Level": "3",
        "MRO Capability": "YES",
        "Production Location": "Domestic",
        "Price Competitiveness": "91",
        "특징 및 설명": "다목적 전투기, 항공모함 운용 가능, 높은 기동성과 첨단 무장 시스템 탑재"
    },
    {
        "Country Name": "United States",
        "Company Name": "보잉",
        "Category": "8",
        "Main_Selling_Product": "F-15EX Eagle II",
        "R&D Status": "Completed",
        "Technology_Readiness_Level": "3",
        "MRO Capability": "YES",
        "Production Location": "Domestic",
        "Price Competitiveness": "92",
        "특징 및 설명": "최신형 F-15 전투기, 향상된 무장 적재량, 장거리 작전 수행 가능"
    },
    {
        "Country Name": "United States",
        "Company Name": "보잉",
        "Category": "8",
        "Main_Selling_Product": "KC-46 Pegasus",
        "R&D Status": "Completed",
        "Technology_Readiness_Level": "3",
        "MRO Capability": "YES",
        "Production Location": "Domestic",
        "Price Competitiveness": "92",
        "특징 및 설명": "공중급유기, 대규모 연료 운반 및 다목적 운송 기능 제공"
    },
    {
        "Country Name": "United States",
        "Company Name": "보잉",
        "Category": "8",
        "Main_Selling_Product": "P-8A Poseidon",
        "R&D Status": "Completed",
        "Technology_Readiness_Level": "3",
        "MRO Capability": "YES",
        "Production Location": "Domestic",
        "Price Competitiveness": "91",
        "특징 및 설명": "해상 초계기, 대잠수함 및 해상 감시 작전에 최적화된 시스템 탑재"
    },
    {
        "Country Name": "United States",
        "Company Name": "보잉",
        "Category": "8",
        "Main_Selling_Product": "E-3 Sentry AWACS",
        "R&D Status": "Completed",
        "Technology_Readiness_Level": "3",
        "MRO Capability": "YES",
        "Production Location": "Domestic",
        "Price Competitiveness": "90",
        "특징 및 설명": "공중 조기 경보 및 관제기, 넓은 감시 범위와 실시간 정보 공유 능력"
    },
    {
        "Country Name": "United States",
        "Company Name": "보잉",
        "Category": "8",
        "Main_Selling_Product": "C-17 Globemaster III",
        "R&D Status": "Completed",
        "Technology_Readiness_Level": "3",
        "MRO Capability": "YES",
        "Production Location": "Domestic",
        "Price Competitiveness": "92",
        "특징 및 설명": "대형 군용 수송기, 병력 및 화물의 대규모 공수 능력 제공"
    },
    {
        "Country Name": "United States",
        "Company Name": "보잉",
        "Category": "8",
        "Main_Selling_Product": "AH-64 Apache",
        "R&D Status": "Completed",
        "Technology_Readiness_Level": "3",
        "MRO Capability": "YES",
        "Production Location": "Domestic",
        "Price Competitiveness": "94",
        "특징 및 설명": "공격 헬리콥터, 근접 공중 지원 및 고속 기동성 제공"
    },
    {
        "Country Name": "United States",
        "Company Name": "보잉",
        "Category": "8",
        "Main_Selling_Product": "B-52 Stratofortress",
        "R&D Status": "Completed",
        "Technology_Readiness_Level": "3",
        "MRO Capability": "YES",
        "Production Location": "Domestic",
        "Price Competitiveness": "90",
        "특징 및 설명": "장거리 전략 폭격기, 1950년대부터 운용되어 현재까지 현역에서 활동 중인 미국 공군의 핵심 자산"
    },
    {
        "Country Name": "United States",
        "Company Name": "보잉",
        "Category": "8",
        "Main_Selling_Product": "E-767",
        "R&D Status": "Completed",
        "Technology_Readiness_Level": "3",
        "MRO Capability": "YES",
        "Production Location": "Mixed",
        "Price Competitiveness": "89",
        "특징 및 설명": "공중 조기 경보 및 통제기(AWACS), 일본 항공자위대를 위해 보잉 767을 기반으로 개발됨"
    },
    {
        "Country Name": "United States",
        "Company Name": "보잉",
        "Category": "8",
        "Main_Selling_Product": "V-22 Osprey",
        "R&D Status": "Completed",
        "Technology_Readiness_Level": "3",
        "MRO Capability": "YES",
        "Production Location": "Mixed",
        "Price Competitiveness": "93",
        "특징 및 설명": "틸트로터 수직이착륙기, 헬리콥터와 고정익 항공기의 장점을 결합한 혁신적 설계"
    },
    {
        "Country Name": "United States",
        "Company Name": "보잉",
        "Category": "8",
        "Main_Selling_Product": "KC-135 Stratotanker",
        "R&D Status": "Completed",
        "Technology_Readiness_Level": "3",
        "MRO Capability": "YES",
        "Production Location": "Domestic",
        "Price Competitiveness": "88",
        "특징 및 설명": "공중 급유기, 전 세계 여러 공군에서 사용되며 장거리 작전의 핵심 지원 역할 수행"
    },
    {
        "Country Name": "United States",
        "Company Name": "보잉",
        "Category": "8",
        "Main_Selling_Product": "B-1B Lancer",
        "R&D Status": "Completed",
        "Technology_Readiness_Level": "3",
        "MRO Capability": "YES",
        "Production Location": "Domestic",
        "Price Competitiveness": "91",
        "특징 및 설명": "가변익 초음속 전략 폭격기, 고속 침투 및 정밀 타격 능력을 보유"
    },
    {
        "Country Name": "United States",
        "Company Name": "보잉",
        "Category": "8",
        "Main_Selling_Product": "B-2 Spirit",
        "R&D Status": "Completed",
        "Technology_Readiness_Level": "3",
        "MRO Capability": "YES",
        "Production Location": "Domestic",
        "Price Competitiveness": "97",
        "특징 및 설명": "스텔스 전략 폭격기, 레이더 회피 능력을 갖춘 장거리 폭격기"
    },
    {
        "Country Name": "United States",
        "Company Name": "보잉",
        "Category": "8",
        "Main_Selling_Product": "T-7A Red Hawk",
        "R&D Status": "Ongoing",
        "Technology_Readiness_Level": "2",
        "MRO Capability": "NO",
        "Production Location": "Domestic",
        "Price Competitiveness": "81",
        "특징 및 설명": "최신 고등훈련기, 미 공군의 차세대 조종사 훈련을 위해 개발"
    },
    {
        "Country Name": "United States",
        "Company Name": "보잉",
        "Category": "8",
        "Main_Selling_Product": "MQ-25 Stingray",
        "R&D Status": "Ongoing",
        "Technology_Readiness_Level": "2",
        "MRO Capability": "NO",
        "Production Location": "Domestic",
        "Price Competitiveness": "82",
        "특징 및 설명": "무인 공중 급유기, 항공모함 기반의 무인 항공기로 함재기의 작전 범위 확대 지원"
    },
    {
        "Country Name": "United States",
        "Company Name": "보잉",
        "Category": "8",
        "Main_Selling_Product": "P-8 Poseidon",
        "R&D Status": "Completed",
        "Technology_Readiness_Level": "3",
        "MRO Capability": "YES",
        "Production Location": "Domestic",
        "Price Competitiveness": "91",
        "특징 및 설명": "해상 초계기, 대잠수함전 및 해상 감시 임무 수행"
    },
    {
        "Country Name": "United States",
        "Company Name": "보잉",
        "Category": "8",
        "Main_Selling_Product": "EA-18G Growler",
        "R&D Status": "Completed",
        "Technology_Readiness_Level": "3",
        "MRO Capability": "YES",
        "Production Location": "Domestic",
        "Price Competitiveness": "92",
        "특징 및 설명": "전자전 전투기, F/A-18 슈퍼 호넷을 기반으로 개발되어 전자전 임무 수행"
    },
    {
        "Country Name": "United States",
        "Company Name": "보잉",
        "Category": "8",
        "Main_Selling_Product": "F-15E Strike Eagle",
        "R&D Status": "Completed",
        "Technology_Readiness_Level": "3",
        "MRO Capability": "YES",
        "Production Location": "Domestic",
        "Price Competitiveness": "92",
        "특징 및 설명": "다목적 전투기, 공대공 및 공대지 임무 모두 수행 가능"
    },
    {
        "Country Name": "United States",
        "Company Name": "보잉",
        "Category": "8",
        "Main_Selling_Product": "F/A-18E/F Super Hornet",
        "R&D Status": "Completed",
        "Technology_Readiness_Level": "3",
        "MRO Capability": "YES",
        "Production Location": "Domestic",
        "Price Competitiveness": "91",
        "특징 및 설명": "다목적 전투기, 항공모함 운용 가능, 높은 기동성과 첨단 무장 시스템 탑재"
    },
    {
        "Country Name": "United States",
        "Company Name": "보잉",
        "Category": "8",
        "Main_Selling_Product": "CH-47 Chinook",
        "R&D Status": "Completed",
        "Technology_Readiness_Level": "3",
        "MRO Capability": "YES",
        "Production Location": "Domestic",
        "Price Competitiveness": "92",
        "특징 및 설명": "대형 수송 헬리콥터, 장거리 수송 능력과 대규모 화물 적재 가능"
    },
    {
        "Country Name": "United States",
        "Company Name": "보잉",
        "Category": "8",
        "Main_Selling_Product": "KC-46 Pegasus",
        "R&D Status": "Completed",
        "Technology_Readiness_Level": "3",
        "MRO Capability": "YES",
        "Production Location": "Domestic",
        "Price Competitiveness": "92",
        "특징 및 설명": "공중급유기, 대규모 연료 운반 및 다목적 운송 기능 제공"
    },
    {
        "Country Name": "United States",
        "Company Name": "보잉",
        "Category": "8",
        "Main_Selling_Product": "F-15EX Eagle II",
        "R&D Status": "Completed",
        "Technology_Readiness_Level": "3",
        "MRO Capability": "YES",
        "Production Location": "Domestic",
        "Price Competitiveness": "93",
        "특징 및 설명": "최신형 F-15 전투기, 향상된 무장 적재량, 장거리 작전 수행 가능"
    },
    {
        "Country Name": "United States",
        "Company Name": "보잉",
        "Category": "8",
        "Main_Selling_Product": "F/A-18 Super Hornet",
        "R&D Status": "Completed",
        "Technology_Readiness_Level": "3",
        "MRO Capability": "YES",
        "Production Location": "Domestic",
        "Price Competitiveness": "91",
        "특징 및 설명": "다목적 전투기, 항공모함 운용 가능, 높은 기동성과 첨단 무장 시스템 탑재"
    },
    {
        "Country Name": "United States",
        "Company Name": "보잉",
        "Category": "15",
        "Main_Selling_Product": "X-37B Orbital Test Vehicle",
        "R&D Status": "Ongoing",
        "Technology_Readiness_Level": "2",
        "MRO Capability": "NO",
        "Production Location": "Domestic",
        "Price Competitiveness": "83",
        "특징 및 설명": "무인 우주 비행체, 군용 위성 작전 지원 및 기술 시험 플랫폼 역할 수행"
    },
    {
        "Country Name": "United States",
        "Company Name": "보잉",
        "Category": "12",
        "Main_Selling_Product": "JDAM (Joint Direct Attack Munition)",
        "R&D Status": "Completed",
        "Technology_Readiness_Level": "3",
        "MRO Capability": "YES",
        "Production Location": "Domestic",
        "Price Competitiveness": "92",
        "특징 및 설명": "정밀 유도 폭탄 시스템, 기존 무기를 스마트 무기로 변환"
    },
    {
        "Country Name": "United States",
        "Company Name": "보잉",
        "Category": "12",
        "Main_Selling_Product": "Harpoon Missile",
        "R&D Status": "Completed",
        "Technology_Readiness_Level": "3",
        "MRO Capability": "YES",
        "Production Location": "Domestic",
        "Price Competitiveness": "90",
        "특징 및 설명": "장거리 대함 미사일, 해상 및 지상 목표물에 대한 높은 타격력 제공"
    },
    {
        "Country Name": "United States",
        "Company Name": "보잉",
        "Category": "12",
        "Main_Selling_Product": "SLAM-ER",
        "R&D Status": "Completed",
        "Technology_Readiness_Level": "3",
        "MRO Capability": "YES",
        "Production Location": "Domestic",
        "Price Competitiveness": "91",
        "특징 및 설명": "장거리 공대지 미사일, GPS 및 터미널 유도 시스템을 통한 정밀 타격 가능"
    }
]