[
    {
        "Country Name": "United States",
        "Company Name": "제너럴 다이내믹스",
        "Category": "8",
        "Main_Selling_Product": "F-16 Fighting Falcon",
        "R&D Status": "Completed",
        "Technology_Readiness_Level": "3",
        "MRO Capability": "YES",
        "Production Location": "Domestic",
        "Price Competitiveness": "93",
        "특징 및 설명": "다목적 전투기로 전 세계적으로 널리 사용됨, GD가 최초 개발 후 록히드 마틴으로 사업 매각"
    },
    {
        "Country Name": "United States",
        "Company Name": "제너럴 다이내믹스",
        "Category": "7",
        "Main_Selling_Product": "M1 Abrams",
        "R&D Status": "Completed",
        "Technology_Readiness_Level": "3",
        "MRO Capability": "YES",
        "Production Location": "Domestic",
        "Price Competitiveness": "98",
        "특징 및 설명": "세계 최고의 전차 중 하나로 평가받는 주력 전차, 강력한 방어력과 기동성을 자랑"
    },
    {
        "Country Name": "United States",
        "Company Name": "제너럴 다이내믹스",
        "Category": "7",
        "Main_Selling_Product": "Stryker",
        "R&D Status": "Completed",
        "Technology_Readiness_Level": "3",
        "MRO Capability": "YES",
        "Production Location": "Domestic",
        "Price Competitiveness": "90",
        "특징 및 설명": "중형 8륜 장갑차, 병력 수송 및 다양한 전술적 용도로 사용 가능"
    },
    {
        "Country Name": "United States",
        "Company Name": "제너럴 다이내믹스",
        "Category": "7",
        "Main_Selling_Product": "LAV-25",
        "R&D Status": "Completed",
        "Technology_Readiness_Level": "3",
        "MRO Capability": "YES",
        "Production Location": "Domestic",
        "Price Competitiveness": "89",
        "특징 및 설명": "경장갑차, 해병대 및 경량 기동 작전에 적합"
    },
    {
        "Country Name": "United States",
        "Company Name": "제너럴 다이내믹스",
        "Category": "7",
        "Main_Selling_Product": "AJAX",
        "R&D Status": "Ongoing",
        "Technology_Readiness_Level": "2",
        "MRO Capability": "NO",
        "Production Location": "Mixed",
        "Price Competitiveness": "82",
        "특징 및 설명": "영국군을 위한 최신형 경장갑차로 GDLS가 설계 및 생산"
    },
    {
        "Country Name": "United States",
        "Company Name": "제너럴 다이내믹스",
        "Category": "20",
        "Main_Selling_Product": "Virginia급 잠수함",
        "R&D Status": "Completed",
        "Technology_Readiness_Level": "3",
        "MRO Capability": "YES",
        "Production Location": "Domestic",
        "Price Competitiveness": "94",
        "특징 및 설명": "최신형 핵추진 잠수함, 스텔스 성능과 다목적 임무 수행 능력 보유"
    },
    {
        "Country Name": "United States",
        "Company Name": "제너럴 다이내믹스",
        "Category": "6",
        "Main_Selling_Product": "Zumwalt급 구축함",
        "R&D Status": "Ongoing",
        "Technology_Readiness_Level": "2",
        "MRO Capability": "NO",
        "Production Location": "Domestic",
        "Price Competitiveness": "85",
        "특징 및 설명": "차세대 스텔스 구축함, 첨단 레이더 및 화력 시스템 장착"
    },
    {
        "Country Name": "United States",
        "Company Name": "제너럴 다이내믹스",
        "Category": "6",
        "Main_Selling_Product": "Arleigh Burke급 구축함",
        "R&D Status": "Completed",
        "Technology_Readiness_Level": "3",
        "MRO Capability": "YES",
        "Production Location": "Domestic",
        "Price Competitiveness": "93",
        "특징 및 설명": "미 해군의 핵심 구축함으로 탄도 미사일 방어 및 해상 작전에 최적화"
    },
    {
        "Country Name": "United States",
        "Company Name": "제너럴 다이내믹스",
        "Category": "6",
        "Main_Selling_Product": "San Antonio급 상륙함",
        "R&D Status": "Completed",
        "Technology_Readiness_Level": "3",
        "MRO Capability": "YES",
        "Production Location": "Domestic",
        "Price Competitiveness": "90",
        "특징 및 설명": "병력과 장비 수송 및 상륙 작전에 최적화된 설계"
    },
    {
        "Country Name": "United States",
        "Company Name": "제너럴 다이내믹스",
        "Category": "12",
        "Main_Selling_Product": "Griffin Missile",
        "R&D Status": "Completed",
        "Technology_Readiness_Level": "3",
        "MRO Capability": "YES",
        "Production Location": "Domestic",
        "Price Competitiveness": "91",
        "특징 및 설명": "소형 정밀 유도 미사일, 이동 표적에 대한 높은 정확도 제공"
    },
    {
        "Country Name": "United States",
        "Company Name": "제너럴 다이내믹스",
        "Category": "11",
        "Main_Selling_Product": "AN/FLR-9",
        "R&D Status": "Completed",
        "Technology_Readiness_Level": "3",
        "MRO Capability": "YES",
        "Production Location": "Domestic",
        "Price Competitiveness": "88",
        "특징 및 설명": "지상 감시를 위한 첩보 레이더 시스템"
    },
    {
        "Country Name": "United States",
        "Company Name": "제너럴 다이내믹스",
        "Category": "4",
        "Main_Selling_Product": "Atlas 로켓",
        "R&D Status": "Completed",
        "Technology_Readiness_Level": "3",
        "MRO Capability": "YES",
        "Production Location": "Domestic",
        "Price Competitiveness": "90",
        "특징 및 설명": "우주발사체로 군사 및 민간용으로 사용. 제너럴 다이내믹스가 개발에 관여했으며, 현재 기술 및 제작권은 United Launch Alliance(ULA)로 이전"
    },
    {
        "Country Name": "United States",
        "Company Name": "제너럴 다이내믹스",
        "Category": "4",
        "Main_Selling_Product": "Centaur 상단 로켓",
        "R&D Status": "Completed",
        "Technology_Readiness_Level": "3",
        "MRO Capability": "YES",
        "Production Location": "Domestic",
        "Price Competitiveness": "89",
        "특징 및 설명": "고효율 우주발사체로 다양한 궤도에 화물을 배치하는 데 사용. 제너럴 다이내믹스가 개발했으나 현재 제작은 United Launch Alliance(ULA)가 담당"
    }
]