[
    {
        "Country Name": "France",
        "Company Name": "탈레스 그룹",
        "Category": "11",
        "Main_Selling_Product": "TopSight HMS",
        "R&D Status": "Completed",
        "Technology_Readiness_Level": "3",
        "MRO Capability": "YES",
        "Production Location": "Domestic",
        "Price Competitiveness": "89",
        "특징 및 설명": "전투기 및 헬리콥터용 헬멧 장착 디스플레이, 조종사에게 실시간 정보 제공"
    },
    {
        "Country Name": "France",
        "Company Name": "탈레스 그룹",
        "Category": "11",
        "Main_Selling_Product": "Ground Master (GM) 시리즈",
        "R&D Status": "Completed",
        "Technology_Readiness_Level": "3",
        "MRO Capability": "YES",
        "Production Location": "Domestic",
        "Price Competitiveness": "90",
        "특징 및 설명": "지상 및 공중 감시용 다목적 레이더, 장거리 탐지 및 위협 식별 기능 제공"
    },
    {
        "Country Name": "France",
        "Company Name": "탈레스 그룹",
        "Category": "11",
        "Main_Selling_Product": "SYNAPS 통신 시스템",
        "R&D Status": "Ongoing",
        "Technology_Readiness_Level": "2",
        "MRO Capability": "NO",
        "Production Location": "Mixed",
        "Price Competitiveness": "83",
        "특징 및 설명": "전투 네트워크 통합을 위한 전술 통신 시스템, 실시간 데이터 공유 및 암호화 지원"
    },
    {
        "Country Name": "France",
        "Company Name": "탈레스 그룹",
        "Category": "11",
        "Main_Selling_Product": "SPECTRA",
        "R&D Status": "Completed",
        "Technology_Readiness_Level": "3",
        "MRO Capability": "YES",
        "Production Location": "Mixed",
        "Price Competitiveness": "91",
        "특징 및 설명": "라팔(Rafale) 전투기에 탑재된 전자전 및 자기방어 시스템"
    },
    {
        "Country Name": "France",
        "Company Name": "탈레스 그룹",
        "Category": "11",
        "Main_Selling_Product": "GNSS 및 INS 통합 시스템",
        "R&D Status": "Completed",
        "Technology_Readiness_Level": "3",
        "MRO Capability": "YES",
        "Production Location": "Mixed",
        "Price Competitiveness": "90",
        "특징 및 설명": "위성항법 및 관성항법을 통합하여 정밀한 위치 정보 제공"
    },
    {
        "Country Name": "France",
        "Company Name": "탈레스 그룹",
        "Category": "12",
        "Main_Selling_Product": "STARStreak",
        "R&D Status": "Completed",
        "Technology_Readiness_Level": "3",
        "MRO Capability": "YES",
        "Production Location": "Domestic",
        "Price Competitiveness": "92",
        "특징 및 설명": "고속 대공 미사일 시스템, 헬리콥터 및 저고도 항공기 요격에 최적화된 설계"
    },
    {
        "Country Name": "France",
        "Company Name": "탈레스 그룹",
        "Category": "11",
        "Main_Selling_Product": "Sea Fire 500",
        "R&D Status": "Completed",
        "Technology_Readiness_Level": "3",
        "MRO Capability": "YES",
        "Production Location": "Domestic",
        "Price Competitiveness": "91",
        "특징 및 설명": "차세대 프리깃함에 탑재되는 멀티미션 레이더, 공중 및 해상 위협 탐지 및 추적 기능"
    },
    {
        "Country Name": "France",
        "Company Name": "탈레스 그룹",
        "Category": "8",
        "Main_Selling_Product": "Watchkeeper UAV",
        "R&D Status": "Completed",
        "Technology_Readiness_Level": "3",
        "MRO Capability": "YES",
        "Production Location": "Domestic",
        "Price Competitiveness": "90",
        "특징 및 설명": "전술 무인 항공기 시스템, 실시간 정찰 및 감시 임무 수행"
    },
    {
        "Country Name": "France",
        "Company Name": "탈레스 그룹",
        "Category": "12",
        "Main_Selling_Product": "Crotale NG",
        "R&D Status": "Completed",
        "Technology_Readiness_Level": "3",
        "MRO Capability": "YES",
        "Production Location": "Domestic",
        "Price Competitiveness": "89",
        "특징 및 설명": "단거리 방공 미사일 시스템, 이동식 플랫폼으로 전술적 유연성 제공"
    },
    {
        "Country Name": "France",
        "Company Name": "탈레스 그룹",
        "Category": "11",
        "Main_Selling_Product": "Threat Library",
        "R&D Status": "Completed",
        "Technology_Readiness_Level": "3",
        "MRO Capability": "YES",
        "Production Location": "Mixed",
        "Price Competitiveness": "88",
        "특징 및 설명": "다양한 전자전 시나리오를 시뮬레이션하여 효과적인 전술 개발 지원"
    },
    {
        "Country Name": "France",
        "Company Name": "사프란",
        "Category": "11",
        "Main_Selling_Product": "M88 엔진",
        "R&D Status": "Completed",
        "Technology_Readiness_Level": "3",
        "MRO Capability": "YES",
        "Production Location": "Mixed",
        "Price Competitiveness": "90",
        "특징 및 설명": "다목적 전투기 라팔(Rafale)에 탑재된 터보팬 엔진, 고성능과 높은 신뢰성을 제공. 초음속 비행 및 기동성 지원, 저연기 및 연료 효율성 특징."
    },
    {
        "Country Name": "France",
        "Company Name": "사프란",
        "Category": "11",
        "Main_Selling_Product": "Adour 엔진",
        "R&D Status": "Completed",
        "Technology_Readiness_Level": "3",
        "MRO Capability": "YES",
        "Production Location": "Mixed",
        "Price Competitiveness": "89",
        "특징 및 설명": "고등훈련기 및 경전투기에 사용되는 터보팬 엔진, 영국 롤스로이스와 공동 개발. 호크(Hawk) 고등훈련기에 주로 사용되며 다양한 환경에서 신뢰성 제공."
    },
    {
        "Country Name": "France",
        "Company Name": "사프란",
        "Category": "11",
        "Main_Selling_Product": "아리우스(Arrius)",
        "R&D Status": "Completed",
        "Technology_Readiness_Level": "3",
        "MRO Capability": "YES",
        "Production Location": "Mixed",
        "Price Competitiveness": "88",
        "특징 및 설명": "경량 헬리콥터용 터보샤프트 엔진, 민군 겸용 설계. 유럽 및 북미의 민간 및 군용 경량 헬리콥터에 널리 사용."
    },
    {
        "Country Name": "France",
        "Company Name": "사프란",
        "Category": "11",
        "Main_Selling_Product": "마키야(Makila)",
        "R&D Status": "Completed",
        "Technology_Readiness_Level": "3",
        "MRO Capability": "YES",
        "Production Location": "Mixed",
        "Price Competitiveness": "89",
        "특징 및 설명": "중형 헬리콥터용 터보샤프트 엔진, 고출력 및 연료 효율성을 특징. 슈퍼 퓨마(Super Puma) 및 H225 헬리콥터에 탑재, 높은 신뢰성과 성능 제공."
    },
    {
        "Country Name": "France",
        "Company Name": "사프란",
        "Category": "11",
        "Main_Selling_Product": "빈센(Vinci)",
        "R&D Status": "Planned",
        "Technology_Readiness_Level": "1",
        "MRO Capability": "NO",
        "Production Location": "Planned",
        "Price Competitiveness": "78",
        "특징 및 설명": "아리안 6 로켓에 사용되는 극저온 상단 로켓 엔진. ESA(유럽우주국) 프로그램 일부로 고정밀 궤도 삽입 지원."
    },
    {
        "Country Name": "France",
        "Company Name": "사프란",
        "Category": "11",
        "Main_Selling_Product": "Sigma 95",
        "R&D Status": "Completed",
        "Technology_Readiness_Level": "3",
        "MRO Capability": "YES",
        "Production Location": "Domestic",
        "Price Competitiveness": "90",
        "특징 및 설명": "전투기 및 군용 플랫폼에 사용되는 관성항법 시스템. GPS 및 관성항법 통합 가능, 전자전 환경에서도 높은 정확도 제공."
    },
    {
        "Country Name": "France",
        "Company Name": "사프란",
        "Category": "11",
        "Main_Selling_Product": "스네크마 파워시스템(Snecma APU)",
        "R&D Status": "Completed",
        "Technology_Readiness_Level": "3",
        "MRO Capability": "YES",
        "Production Location": "Mixed",
        "Price Competitiveness": "89",
        "특징 및 설명": "군용 항공기 보조동력장치(APU), 주요 시스템에 에너지 제공. 항공기의 지상 작전 및 비행 중 보조 시스템 전력 공급."
    },
    {
        "Country Name": "France",
        "Company Name": "사프란",
        "Category": "11",
        "Main_Selling_Product": "H125M",
        "R&D Status": "Ongoing",
        "Technology_Readiness_Level": "2",
        "MRO Capability": "NO",
        "Production Location": "Mixed",
        "Price Competitiveness": "84",
        "특징 및 설명": "다목적 군용 헬리콥터, 가볍고 기동성이 우수함. 유럽 및 남미 국가에서 경공격 및 정찰용으로 널리 사용."
    }
]