[
    {
        "Country Name": "China",
        "Company Name": "중국항공공업집단",
        "Category": "8",
        "Main_Selling_Product": "J-5",
        "R&D Status": "Completed",
        "Technology_Readiness_Level": "3",
        "MRO Capability": "NO",
        "Production Location": "Domestic",
        "Price Competitiveness": "80",
        "특징 및 설명": "MiG-17의 중국 라이센스 전투기"
    },
    {
        "Country Name": "China",
        "Company Name": "중국항공공업집단",
        "Category": "8",
        "Main_Selling_Product": "J-6",
        "R&D Status": "Completed",
        "Technology_Readiness_Level": "3",
        "MRO Capability": "NO",
        "Production Location": "Domestic",
        "Price Competitiveness": "81",
        "특징 및 설명": "MiG-19 기반으로 개발된 중국 공군 주력 전투기"
    },
    {
        "Country Name": "China",
        "Company Name": "중국항공공업집단",
        "Category": "8",
        "Main_Selling_Product": "J-7",
        "R&D Status": "Completed",
        "Technology_Readiness_Level": "3",
        "MRO Capability": "NO",
        "Production Location": "Domestic",
        "Price Competitiveness": "82",
        "특징 및 설명": "MiG-21의 중국형 라이센스 전투기"
    },
    {
        "Country Name": "China",
        "Company Name": "중국항공공업집단",
        "Category": "8",
        "Main_Selling_Product": "J-8",
        "R&D Status": "Completed",
        "Technology_Readiness_Level": "3",
        "MRO Capability": "NO",
        "Production Location": "Domestic",
        "Price Competitiveness": "83",
        "특징 및 설명": "고고도, 고속 요격기"
    },
    {
        "Country Name": "China",
        "Company Name": "중국항공공업집단",
        "Category": "8",
        "Main_Selling_Product": "J-10",
        "R&D Status": "Completed",
        "Technology_Readiness_Level": "3",
        "MRO Capability": "YES",
        "Production Location": "Domestic",
        "Price Competitiveness": "90",
        "특징 및 설명": "중국산 다목적 전투기, 4세대+ 성능 제공"
    },
    {
        "Country Name": "China",
        "Company Name": "중국항공공업집단",
        "Category": "8",
        "Main_Selling_Product": "J-11",
        "R&D Status": "Completed",
        "Technology_Readiness_Level": "3",
        "MRO Capability": "YES",
        "Production Location": "Domestic",
        "Price Competitiveness": "91",
        "특징 및 설명": "Su-27의 중국 라이센스 생산형 및 독자 개량형(J-11B, J-11D), 중국산 엔진과 최신 항공 전자 장비를 탑재하여 성능 향상"
    },
    {
        "Country Name": "China",
        "Company Name": "중국항공공업집단",
        "Category": "8",
        "Main_Selling_Product": "J-12",
        "R&D Status": "Completed",
        "Technology_Readiness_Level": "3",
        "MRO Capability": "NO",
        "Production Location": "Domestic",
        "Price Competitiveness": "80",
        "특징 및 설명": "경량 고속 요격기"
    },
    {
        "Country Name": "China",
        "Company Name": "중국항공공업집단",
        "Category": "8",
        "Main_Selling_Product": "J-15",
        "R&D Status": "Completed",
        "Technology_Readiness_Level": "3",
        "MRO Capability": "YES",
        "Production Location": "Domestic",
        "Price Competitiveness": "92",
        "특징 및 설명": "Su-33 기반으로 개발된 중국 해군 함재기"
    },
    {
        "Country Name": "China",
        "Company Name": "중국항공공업집단",
        "Category": "8",
        "Main_Selling_Product": "J-16",
        "R&D Status": "Completed",
        "Technology_Readiness_Level": "3",
        "MRO Capability": "YES",
        "Production Location": "Domestic",
        "Price Competitiveness": "93",
        "특징 및 설명": "Su-30 기반으로 개발된 다목적 전투기"
    },
    {
        "Country Name": "China",
        "Company Name": "중국항공공업집단",
        "Category": "8",
        "Main_Selling_Product": "J-20",
        "R&D Status": "Ongoing",
        "Technology_Readiness_Level": "2",
        "MRO Capability": "NO",
        "Production Location": "Domestic",
        "Price Competitiveness": "84",
        "특징 및 설명": "스텔스 5세대 전투기, 중국 공군의 주력 스텔스 전투기로 설계"
    },
    {
        "Country Name": "China",
        "Company Name": "중국항공공업집단",
        "Category": "8",
        "Main_Selling_Product": "FC-1",
        "R&D Status": "Ongoing",
        "Technology_Readiness_Level": "2",
        "MRO Capability": "NO",
        "Production Location": "Domestic",
        "Price Competitiveness": "83",
        "특징 및 설명": "파키스탄과 공동 개발된 경량 다목적 전투기"
    },
    {
        "Country Name": "China",
        "Company Name": "중국항공공업집단",
        "Category": "8",
        "Main_Selling_Product": "FC-31",
        "R&D Status": "Ongoing",
        "Technology_Readiness_Level": "2",
        "MRO Capability": "NO",
        "Production Location": "Domestic",
        "Price Competitiveness": "84",
        "특징 및 설명": "스텔스 전투기, J-20의 보완 및 수출용으로 개발"
    },
    {
        "Country Name": "China",
        "Company Name": "중국항공공업집단",
        "Category": "8",
        "Main_Selling_Product": "Q-5",
        "R&D Status": "Completed",
        "Technology_Readiness_Level": "3",
        "MRO Capability": "NO",
        "Production Location": "Domestic",
        "Price Competitiveness": "79",
        "특징 및 설명": "MiG-19 기반으로 개발된 공격기"
    },
    {
        "Country Name": "China",
        "Company Name": "중국항공공업집단",
        "Category": "8",
        "Main_Selling_Product": "JH-7",
        "R&D Status": "Completed",
        "Technology_Readiness_Level": "3",
        "MRO Capability": "YES",
        "Production Location": "Domestic",
        "Price Competitiveness": "82",
        "특징 및 설명": "전투 폭격기로, 공대지 및 공대함 공격 능력을 제공"
    },
    {
        "Country Name": "China",
        "Company Name": "중국항공공업집단",
        "Category": "8",
        "Main_Selling_Product": "Z-19",
        "R&D Status": "Ongoing",
        "Technology_Readiness_Level": "2",
        "MRO Capability": "NO",
        "Production Location": "Domestic",
        "Price Competitiveness": "82",
        "특징 및 설명": "무장 정찰 및 경공격 헬리콥터"
    }
]