[
    {
        "Country Name": "Germany",
        "Company Name": "라인메탈",
        "Category": "7",
        "Main_Selling_Product": "120mm 활강포",
        "R&D Status": "Completed",
        "Technology_Readiness_Level": "3",
        "MRO Capability": "YES",
        "Production Location": "Domestic",
        "Price Competitiveness": "90",
        "특징 및 설명": "라인메탈이 1979년에 개발한 120mm 활강포로, 레오파르트 2, M1 에이브람스, K1A1 등 서방 국가의 주력 전차에 탑재되었습니다."
    },
    {
        "Country Name": "Germany",
        "Company Name": "라인메탈",
        "Category": "7",
        "Main_Selling_Product": "130mm 활강포",
        "R&D Status": "Completed",
        "Technology_Readiness_Level": "3",
        "MRO Capability": "YES",
        "Production Location": "Domestic",
        "Price Competitiveness": "91",
        "특징 및 설명": "2016년 유로사토리 국제무기전시회에서 공개된 51구경장 130mm 활강포로, 기존 120mm 포보다 포구 운동 에너지가 약 50% 증가하였습니다."
    },
    {
        "Country Name": "Germany",
        "Company Name": "라인메탈",
        "Category": "18",
        "Main_Selling_Product": "10kW 레이저포",
        "R&D Status": "Ongoing",
        "Technology_Readiness_Level": "2",
        "MRO Capability": "NO",
        "Production Location": "Domestic",
        "Price Competitiveness": "83",
        "특징 및 설명": "무인기 격추, 박격포탄 요격 및 IED 제거에 사용되는 저출력 레이저 무기입니다."
    },
    {
        "Country Name": "Germany",
        "Company Name": "라인메탈",
        "Category": "18",
        "Main_Selling_Product": "100kW 레이저 무기",
        "R&D Status": "Planned",
        "Technology_Readiness_Level": "1",
        "MRO Capability": "NO",
        "Production Location": "Planned",
        "Price Competitiveness": "78",
        "특징 및 설명": "향후 개발 예정인 고출력 에너지 무기로, 고성능 레이저 기술 구현을 목표로 하고 있습니다."
    },
    {
        "Country Name": "Germany",
        "Company Name": "라인메탈",
        "Category": "7",
        "Main_Selling_Product": "35mm 대공포",
        "R&D Status": "Completed",
        "Technology_Readiness_Level": "3",
        "MRO Capability": "YES",
        "Production Location": "Domestic",
        "Price Competitiveness": "89",
        "특징 및 설명": "고정형 대공포로, 항공기 및 포탄 요격 성능을 제공합니다."
    },
    {
        "Country Name": "Germany",
        "Company Name": "라인메탈",
        "Category": "7",
        "Main_Selling_Product": "KF51 판터",
        "R&D Status": "Ongoing",
        "Technology_Readiness_Level": "2",
        "MRO Capability": "NO",
        "Production Location": "Mixed",
        "Price Competitiveness": "85",
        "특징 및 설명": "2022년 유로사토리 방산전시회에서 공개된 차세대 전차로, 130mm 활강포를 장착하여 기존 120mm 포보다 유효 사거리가 50% 증가하였습니다."
    },
    {
        "Country Name": "Germany",
        "Company Name": "라인메탈",
        "Category": "7",
        "Main_Selling_Product": "복서(Boxer)",
        "R&D Status": "Completed",
        "Technology_Readiness_Level": "3",
        "MRO Capability": "YES",
        "Production Location": "Mixed",
        "Price Competitiveness": "90",
        "특징 및 설명": "다목적 장갑차로, 모듈형 설계를 통해 다양한 임무에 적합합니다."
    },
    {
        "Country Name": "Germany",
        "Company Name": "라인메탈",
        "Category": "7",
        "Main_Selling_Product": "링스(Lynx)",
        "R&D Status": "Completed",
        "Technology_Readiness_Level": "3",
        "MRO Capability": "YES",
        "Production Location": "Mixed",
        "Price Competitiveness": "91",
        "특징 및 설명": "최신 보병전투차로, 기동성, 방호력 및 화력의 균형을 강조합니다."
    },
    {
        "Country Name": "Germany",
        "Company Name": "라인메탈",
        "Category": "7",
        "Main_Selling_Product": "TPz 푹스(Fuchs)",
        "R&D Status": "Completed",
        "Technology_Readiness_Level": "3",
        "MRO Capability": "YES",
        "Production Location": "Mixed",
        "Price Competitiveness": "89",
        "특징 및 설명": "장갑 수송차량으로, 다양한 작전에 적합합니다."
    },
    {
        "Country Name": "Germany",
        "Company Name": "라인메탈",
        "Category": "7",
        "Main_Selling_Product": "MAN HX 시리즈",
        "R&D Status": "Completed",
        "Technology_Readiness_Level": "3",
        "MRO Capability": "YES",
        "Production Location": "Mixed",
        "Price Competitiveness": "88",
        "특징 및 설명": "군용 화물차 및 특수 차량 시리즈로, 신뢰성과 내구성을 갖추고 있습니다."
    },
    {
        "Country Name": "Germany",
        "Company Name": "라인메탈",
        "Category": "7",
        "Main_Selling_Product": "RMMV HX, HX2, HX3",
        "R&D Status": "Completed",
        "Technology_Readiness_Level": "3",
        "MRO Capability": "YES",
        "Production Location": "Mixed",
        "Price Competitiveness": "89",
        "특징 및 설명": "현대적 군용 차량으로, 신뢰성과 내구성을 갖추고 있습니다."
    },
    {
        "Country Name": "Germany",
        "Company Name": "라인메탈",
        "Category": "7",
        "Main_Selling_Product": "스카이넥스(Skynex)",
        "R&D Status": "Completed",
        "Technology_Readiness_Level": "3",
        "MRO Capability": "YES",
        "Production Location": "Domestic",
        "Price Competitiveness": "91",
        "특징 및 설명": "통합형 대공 방어 시스템으로, 정밀한 표적 요격이 가능합니다."
    },
    {
        "Country Name": "Germany",
        "Company Name": "라인메탈",
        "Category": "7",
        "Main_Selling_Product": "스카이레인저 30",
        "R&D Status": "Completed",
        "Technology_Readiness_Level": "3",
        "MRO Capability": "YES",
        "Production Location": "Domestic",
        "Price Competitiveness": "90",
        "특징 및 설명": "30mm 기관포를 탑재한 대공 방어 플랫폼입니다."
    },
    {
        "Country Name": "Germany",
        "Company Name": "라인메탈",
        "Category": "7",
        "Main_Selling_Product": "RMK-30",
        "R&D Status": "Completed",
        "Technology_Readiness_Level": "3",
        "MRO Capability": "YES",
        "Production Location": "Domestic",
        "Price Competitiveness": "89",
        "특징 및 설명": "30mm 기관포로, 다양한 플랫폼에 통합 가능합니다."
    }
]