[
    {
        "Country Name": "United Kingdom",
        "Company Name": "BAE 시스템스",
        "Category": "4",
        "Main_Selling_Product": "Hydra 70",
        "R&D Status": "Completed",
        "Technology_Readiness_Level": "3",
        "MRO Capability": "YES",
        "Production Location": "Domestic",
        "Price Competitiveness": "88",
        "특징 및 설명": "다목적 70mm 로켓으로, 헬리콥터 및 고정익 항공기에서 운용됩니다. 이 시스템은 다양한 전투 상황에서 유연하게 사용될 수 있도록 설계되었습니다."
    },
    {
        "Country Name": "United Kingdom",
        "Company Name": "BAE 시스템스",
        "Category": "8",
        "Main_Selling_Product": "AV-8 해리어",
        "R&D Status": "Completed",
        "Technology_Readiness_Level": "3",
        "MRO Capability": "YES",
        "Production Location": "Domestic",
        "Price Competitiveness": "90",
        "특징 및 설명": "수직/단거리 이착륙 전투기로, 근접 공중 지원 및 정밀 타격 임무를 수행합니다. 이 항공기는 제한된 공간에서도 운용이 가능하여 다양한 작전 환경에서 활용되었습니다."
    },
    {
        "Country Name": "United Kingdom",
        "Company Name": "BAE 시스템스",
        "Category": "8",
        "Main_Selling_Product": "BAE 호크",
        "R&D Status": "Completed",
        "Technology_Readiness_Level": "3",
        "MRO Capability": "YES",
        "Production Location": "Mixed",
        "Price Competitiveness": "89",
        "특징 및 설명": "고등훈련기 및 경전투기로 사용 가능하며, 전 세계적으로 널리 운용되고 있습니다. 특히 조종사 훈련용으로 많이 사용되며, 일부 국가에서는 경전투기로도 활용됩니다."
    },
    {
        "Country Name": "United Kingdom",
        "Company Name": "BAE 시스템스",
        "Category": "8",
        "Main_Selling_Product": "시 해리어",
        "R&D Status": "Completed",
        "Technology_Readiness_Level": "3",
        "MRO Capability": "YES",
        "Production Location": "Mixed",
        "Price Competitiveness": "90",
        "특징 및 설명": "해군용 수직 이착륙 전투기로, 항공모함에서 운용 가능합니다. 해군 작전의 유연성을 높이는 데 기여하였습니다."
    },
    {
        "Country Name": "United Kingdom",
        "Company Name": "BAE 시스템스",
        "Category": "8",
        "Main_Selling_Product": "유로파이터 타이푼",
        "R&D Status": "Completed",
        "Technology_Readiness_Level": "3",
        "MRO Capability": "YES",
        "Production Location": "Mixed",
        "Price Competitiveness": "94",
        "특징 및 설명": "다목적 4.5세대 전투기로, 유럽 주요 국가와 공동 개발하였습니다. 공중 우세, 지상 공격, 정찰 등 다양한 임무를 수행할 수 있습니다."
    },
    {
        "Country Name": "United Kingdom",
        "Company Name": "BAE 시스템스",
        "Category": "8",
        "Main_Selling_Product": "BAE 타라니스 UCAV",
        "R&D Status": "Ongoing",
        "Technology_Readiness_Level": "2",
        "MRO Capability": "NO",
        "Production Location": "Mixed",
        "Price Competitiveness": "83",
        "특징 및 설명": "스텔스 무인 전투 항공기로, 정찰 및 공격 임무를 수행합니다. 최신 스텔스 기술과 자율 비행 능력을 갖추고 있습니다."
    },
    {
        "Country Name": "United Kingdom",
        "Company Name": "BAE 시스템스",
        "Category": "8",
        "Main_Selling_Product": "BAE 맨티스 UAV",
        "R&D Status": "Ongoing",
        "Technology_Readiness_Level": "2",
        "MRO Capability": "NO",
        "Production Location": "Mixed",
        "Price Competitiveness": "84",
        "특징 및 설명": "대형 무인 항공기로, 장시간 체공 및 다목적 임무를 수행합니다. 다양한 센서와 장비를 탑재하여 광범위한 작전 능력을 제공합니다."
    },
    {
        "Country Name": "United Kingdom",
        "Company Name": "BAE 시스템스",
        "Category": "8",
        "Main_Selling_Product": "BAE 템페스트",
        "R&D Status": "Ongoing",
        "Technology_Readiness_Level": "2",
        "MRO Capability": "NO",
        "Production Location": "Mixed",
        "Price Competitiveness": "85",
        "특징 및 설명": "차세대 6세대 전투기로, 스텔스 및 네트워크 중심 전투에 최적화되어 개발 중입니다. 2035년경 실전 배치를 목표로 하고 있습니다."
    },
    {
        "Country Name": "United Kingdom",
        "Company Name": "BAE 시스템스",
        "Category": "8",
        "Main_Selling_Product": "F-35 일부",
        "R&D Status": "Ongoing",
        "Technology_Readiness_Level": "2",
        "MRO Capability": "NO",
        "Production Location": "Mixed",
        "Price Competitiveness": "86",
        "특징 및 설명": "F-35의 일부 부품을 제작하며, 주요 파트너 국가로 참여하고 있습니다. 전자전 시스템 등 핵심 기술을 담당합니다."
    },
    {
        "Country Name": "United Kingdom",
        "Company Name": "BAE 시스템스",
        "Category": "20",
        "Main_Selling_Product": "아스튜트급 공격 잠수함",
        "R&D Status": "Completed",
        "Technology_Readiness_Level": "3",
        "MRO Capability": "YES",
        "Production Location": "Mixed",
        "Price Competitiveness": "95",
        "특징 및 설명": "영국 해군의 핵추진 공격 잠수함으로, 장거리 작전 수행이 가능합니다. 최신 잠수함 기술이 적용되어 있습니다."
    },
    {
        "Country Name": "United Kingdom",
        "Company Name": "BAE 시스템스",
        "Category": "6",
        "Main_Selling_Product": "45형 구축함",
        "R&D Status": "Completed",
        "Technology_Readiness_Level": "3",
        "MRO Capability": "YES",
        "Production Location": "Mixed",
        "Price Competitiveness": "92",
        "특징 및 설명": "영국 해군의 최신형 대공 방어 구축함으로, 첨단 레이더 및 무기 시스템을 탑재하고 있습니다. 해상 방어 능력을 강화하였습니다."
    },
    {
        "Country Name": "United Kingdom",
        "Company Name": "BAE 시스템스",
        "Category": "6",
        "Main_Selling_Product": "26형 호위함",
        "R&D Status": "Ongoing",
        "Technology_Readiness_Level": "2",
        "MRO Capability": "NO",
        "Production Location": "Mixed",
        "Price Competitiveness": "83",
        "특징 및 설명": "다목적 호위함으로, 대잠수함 작전에 최적화되어 있습니다. 다양한 임무를 수행할 수 있도록 설계되었습니다."
    },
    {
        "Country Name": "United Kingdom",
        "Company Name": "BAE 시스템스",
        "Category": "6",
        "Main_Selling_Product": "퀸 엘리자베스급 항공모함",
        "R&D Status": "Completed",
        "Technology_Readiness_Level": "3",
        "MRO Capability": "YES",
        "Production Location": "Mixed",
        "Price Competitiveness": "86",
        "특징 및 설명": "영국 해군의 최신형 항공모함으로, 대규모 항공 작전 및 다양한 임무를 수행할 수 있습니다. 최신 항공기 운용 능력을 갖추고 있습니다."
    },
    {
        "Country Name": "United Kingdom",
        "Company Name": "BAE 시스템스",
        "Category": "7",
        "Main_Selling_Product": "챌린저 2",
        "R&D Status": "Completed",
        "Technology_Readiness_Level": "3",
        "MRO Capability": "YES",
        "Production Location": "Mixed",
        "Price Competitiveness": "93",
        "특징 및 설명": "영국 육군의 주력 전차로, 강력한 방어력과 화력을 제공합니다. 다양한 전투 환경에서 우수한 성능을 발휘합니다."
    },
    {
        "Country Name": "United Kingdom",
        "Company Name": "BAE 시스템스",
        "Category": "7",
        "Main_Selling_Product": "챌린저 3",
        "R&D Status": "Ongoing",
        "Technology_Readiness_Level": "2",
        "MRO Capability": "NO",
        "Production Location": "Mixed",
        "Price Competitiveness": "85",
        "특징 및 설명": "챌린저 2의 최신 업그레이드 버전으로, 향상된 전투 능력을 갖추고 있습니다. 미래 전장 환경에 대비한 개선이 이루어졌습니다."
    },
    {
        "Country Name": "United Kingdom",
        "Company Name": "BAE 시스템스",
        "Category": "7",
        "Main_Selling_Product": "FV510 워리어",
        "R&D Status": "Completed",
        "Technology_Readiness_Level": "3",
        "MRO Capability": "YES",
        "Production Location": "Mixed",
        "Price Competitiveness": "90",
        "특징 및 설명": "영국 육군의 장갑차로, 병력 수송 및 지원 화력을 제공합니다. 다양한 임무에 활용되고 있습니다."
    },
    {
        "Country Name": "United Kingdom",
        "Company Name": "BAE 시스템스",
        "Category": "7",
        "Main_Selling_Product": "CV90",
        "R&D Status": "Ongoing",
        "Technology_Readiness_Level": "2",
        "MRO Capability": "NO",
        "Production Location": "Mixed",
        "Price Competitiveness": "83",
        "특징 및 설명": "다목적 보병 전투 차량으로, 다양한 무장 옵션을 제공합니다. 여러 국가에서 운용 중입니다."
    },
    {
        "Country Name": "United Kingdom",
        "Company Name": "BAE 시스템스",
        "Category": "7",
        "Main_Selling_Product": "PL-01",
        "R&D Status": "Ongoing",
        "Technology_Readiness_Level": "2",
        "MRO Capability": "NO",
        "Production Location": "Domestic",
        "Price Competitiveness": "82",
        "특징 및 설명": "최신형 경전차로, 스텔스와 차세대 전투 능력을 보유하고 있습니다."
    },
    {
        "Country Name": "United Kingdom",
        "Company Name": "BAE 시스템스",
        "Category": "7",
        "Main_Selling_Product": "M2 브래들리",
        "R&D Status": "Completed",
        "Technology_Readiness_Level": "3",
        "MRO Capability": "YES",
        "Production Location": "Domestic",
        "Price Competitiveness": "90",
        "특징 및 설명": "보병 전투 차량으로, 병력 보호와 지원 화력을 제공합니다."
    },
    {
        "Country Name": "United Kingdom",
        "Company Name": "BAE 시스템스",
        "Category": "7",
        "Main_Selling_Product": "AAV-7A1",
        "R&D Status": "Completed",
        "Technology_Readiness_Level": "3",
        "MRO Capability": "YES",
        "Production Location": "Domestic",
        "Price Competitiveness": "88",
        "특징 및 설명": "상륙 돌격 차량으로, 병력 및 장비를 수송할 수 있습니다."
    },
    {
        "Country Name": "United Kingdom",
        "Company Name": "BAE 시스템스",
        "Category": "7",
        "Main_Selling_Product": "AMPV",
        "R&D Status": "Completed",
        "Technology_Readiness_Level": "3",
        "MRO Capability": "YES",
        "Production Location": "Domestic",
        "Price Competitiveness": "89",
        "특징 및 설명": "다목적 기동 차량으로, 다양한 전술적 역할을 수행할 수 있도록 설계되었습니다."
    },
    {
        "Country Name": "United Kingdom",
        "Company Name": "BAE 시스템스",
        "Category": "7",
        "Main_Selling_Product": "M109A7",
        "R&D Status": "Completed",
        "Technology_Readiness_Level": "3",
        "MRO Capability": "YES",
        "Production Location": "Domestic",
        "Price Competitiveness": "91",
        "특징 및 설명": "최신형 자주포로, 향상된 기동성과 정밀한 사격 통제 시스템을 갖추고 있습니다."
    },
    {
        "Country Name": "United Kingdom",
        "Company Name": "BAE 시스템스",
        "Category": "7",
        "Main_Selling_Product": "MRAP",
        "R&D Status": "Completed",
        "Technology_Readiness_Level": "3",
        "MRO Capability": "YES",
        "Production Location": "Domestic",
        "Price Competitiveness": "87",
        "특징 및 설명": "대인지뢰와 매복 공격으로부터 보호할 수 있는 방어 차량입니다."
    },
    {
        "Country Name": "United Kingdom",
        "Company Name": "BAE 시스템스",
        "Category": "6",
        "Main_Selling_Product": "줌왈트급 구축함의 AGS 155mm 함포",
        "R&D Status": "Completed",
        "Technology_Readiness_Level": "3",
        "MRO Capability": "YES",
        "Production Location": "Domestic",
        "Price Competitiveness": "93",
        "특징 및 설명": "줌왈트급 구축함에 탑재된 주포로, 정밀 타격 및 장거리 화력 제공이 가능합니다."
    },
    {
        "Country Name": "United Kingdom",
        "Company Name": "BAE 시스템스",
        "Category": "6",
        "Main_Selling_Product": "M777",
        "R&D Status": "Completed",
        "Technology_Readiness_Level": "3",
        "MRO Capability": "YES",
        "Production Location": "Domestic",
        "Price Competitiveness": "90",
        "특징 및 설명": "경량 견인곡사포로, 신속한 배치와 강력한 화력을 제공합니다."
    },
    {
        "Country Name": "United Kingdom",
        "Company Name": "BAE 시스템스",
        "Category": "11",
        "Main_Selling_Product": "RAD6000",
        "R&D Status": "Completed",
        "Technology_Readiness_Level": "3",
        "MRO Capability": "YES",
        "Production Location": "Mixed",
        "Price Competitiveness": "88",
        "특징 및 설명": "군용 및 우주용 방사선 내성 CPU로 설계되었습니다."
    },
    {
        "Country Name": "United Kingdom",
        "Company Name": "BAE 시스템스",
        "Category": "11",
        "Main_Selling_Product": "RAD750",
        "R&D Status": "Completed",
        "Technology_Readiness_Level": "3",
        "MRO Capability": "YES",
        "Production Location": "Mixed",
        "Price Competitiveness": "89",
        "특징 및 설명": "RAD6000의 업그레이드 버전으로, 향상된 성능과 내구성을 제공합니다."
    },
    {
        "Country Name": "United Kingdom",
        "Company Name": "BAE 시스템스",
        "Category": "11",
        "Main_Selling_Product": "RAD5500",
        "R&D Status": "Completed",
        "Technology_Readiness_Level": "3",
        "MRO Capability": "YES",
        "Production Location": "Mixed",
        "Price Competitiveness": "90",
        "특징 및 설명": "최신형 군용 CPU로, 높은 연산 성능과 신뢰성을 보장합니다."
    }
]